pregunta;respuesta
¿QUÉ ES LA VIOLENCIA INTRAFAMILIAR?;Es el conjunto de actitudes o comportamientos de abuso (ser sexual, físico o psicológico) perpetrados en el hogar o unidad doméstica, generalmente por un miembro de la familia que vive con la víctima, que puede ser esta varón o mujer, infante, adolescente o adulto, con el empleo deliberado de la fuerza. Esto ocurre entre padres, hijos y padres y entre hermanos, por ejemplo. Además, es considera como un grave obstáculo para el desarrollo y la paz.
¿CON QUÉ OTROS NOMBRES ES CONOCIDA LA VIOLENCIA INTRAFAMILIAR?;La violencia intrafamiliar también es conocida como violencia doméstica, violencia familiar o violencia en las familias.
¿CUÁL ES EL OBJETIVO DE LA VIOLENCIA INTRAFAMILIAR?;El objetivo de la violencia intrafamiliar es vencer la resistencia de la víctima y obtener su subyugación, es decir, controlarla y dominarla.
¿CUÁLES SON LOS EFECTOS DE LA VIOLENCIA INTRAFAMILIAR PARA LA VÍCTIMA?;"•	Perjudican su integridad corporal y psicológica
•	Repercuten sobre su independencia e individualidad
•	Miedo, pánico o angustia
•	Heridas y lesiones físicas que, en los peores casos, pueden conducir a la muerte
•	Altos niveles de ansiedad por miedo a volver a ser violentados.
•	Tristeza, desmotivación vital y depresión.
•	Inseguridad y desconfianza absoluta ante los demás.
•	Enfado, ira, rencor y agresividad.
•	Bajos niveles de autoestima.
•	Mutismo, bloqueo emocional e indefension aprendida.
•	También contribuye a la aparición de cánceres, enfermedades del corazón, accidentes cerebrovasculares y VIH/sida, pues las víctimas de la violencia a menudo tratan de hacer frente a sus experiencias traumáticas adoptando comportamientos de riesgo, como consumir tabaco, alcohol y drogas, así como con prácticas sexuales de riesgo. 
•	Sentimientos de soledad y abandono: Pueden sentirse aislados, abandonados y poco queridos.
•	Exclusión del diálogo y la reflexión: La violencia bloquea y dificulta la capacidad para encontrar modos alternativos de resolver conflictos de forma pacífica y dialogada. 
•	Trastornos en la identidad: Pueden tener una mala imagen de sí mismos, creer que son malos y por eso sus padres los castigan físicamente. A veces, como modo de defenderse, desarrollan la creencia de que son fuertes y todopoderosos, capaces de vencer a sus padres y a otros adultos."
¿CUÁLES SON LOS EFECTOS DE LA VIOLENCIA INTRAFAMILIAR PARA LA SOCIEDAD?;"•	Ausentismo laboral entre las mujeres con pareja
•	Incremento de la delincuencia juvenil"
¿CUÁLES SON LAS CAUSAS DE LA VIOLENCIA INTRAFAMILIAR?;"•	Falta de control de impulsos por parte del agresor
•	Carencia afectiva
•	Incapacidad para resolver problemas adecuadamente
•	Comportamientos violentos aprendidos
•	Presencia de ciertas características de personalidad, como impulsividad, rigidez, autoritarismo, falta de empatía, desconfianza o baja tolerancia a la frustración.
•	Heridas producidas en la infancia (abusos, o crianzas autoritarias o desatendidas). 
•	Consumo de cualquier tipo de sustancia tóxica, conductas antisociales.
•	Ciertos factores sociales que inician, mantienen o agravan dichas situaciones como problemas en el ámbito laboral, estrés producido por sobrecarga de tareas, problemas económicos.
•	Sobreprotección paterna y el no establecimiento de ciertos límites que lleva a los hijos a convertirse en pequeños tiranos"
¿CUÁLES SON LOS TIPOS DE VIOLENCIA INTRAFAMILIAR SEGÚN SU NATURALEZA?;"•	Violencia física
•	Violencia psicológica o emocional
•	Violencia sexual
•	Violencia económica o patrimonial"
¿EN QUÉ CONSISTE LA VIOLENCIA FÍSICA?;La violencia física consiste en la invasión del espacio físico de la víctima y puede hacerse de dos maneras, una es el contacto directo con el cuerpo mediante: patadas, empujones, pellizcos, jalón de pelo, golpes, cualquier tipo de contacto físico no deseado y la otra manera es limitar sus movimientos encerrándola, y hasta provocándole lesiones con armas de fuego u otras.
¿EN QUÉ CONSISTE LA VIOLENCIA PSICOLÓGICA O EMOCIONAL?;La violencia psicológica o emocional consiste en acciones u omisiones destinadas a degradar o controlar acciones, creencias y decisiones de la víctima por medio de la amenaza, la intimidación, la cosificación, actos que atacan los sentimientos y las emociones que generalmente se manifiestan mediante críticas, descalificaciones, celos, posesividad, chantajes, aislamiento, castigo, humillaciones, vejaciones, limitaciones, entre otras.
¿EN QUÉ CONSISTE LA VIOLENCIA SEXUAL?;La violencia sexual consiste en imponer a la víctima ideas y actos sexuales no deseados, tocamientos no consentidos, penetrar con objetos a la víctima, la violación, presionar para ver fotografías o videos pornográficos, obligar a que use o no use un método anticonceptivo, burlar la respuesta sexual, obligar a alguien a ser tocado, tener relaciones sexuales cuando no se desea o conductas no deseadas en la relación sexual, acusación de infidelidad, criticar sus preferencias sexuales, el acoso sexual.
¿EN QUÉ CONSISTE LA VIOLENCIA ECONÓMICA?;La violencia económica consiste enel uso del dinero como medio para chantajear, que suele expresarse en actuaciones, como la de esconder el dinero, no ser sinceros en las cuentas que se manejan, quitarle el dinero, obligarla a hacer alguna acción no deseada para que obtenga dinero.
¿CUÁLES SON FACTORES QUE RESPALDAN EL DESARROLLO DE LA VIOLENCIA INTRAFAMILIAR?;"Los factores que respaldan el desarrollo de la violencia intrafamiliar son:
-	La invisibilización que está presente cuando se normaliza la violencia considerándola como algo habitual que siempre ha existido como un proceso natural del ser humano.
-	La legitimación o justificación en el vínculo que se establece en las prácticas violentas.
-	La racionalización de la violencia (tolerancia social) radica en la trasmisión y consolidación en la sociedad de determinados discursos, creencias, mitos o esteriotipos que intentan dar explicación no racional de la realidad y lograr distraer la verdadera situación problémica y minimizar su gravedad.
-	La formación desde la familia de patrones socioculturales violentos incluyendo patrones de consumo de sustancias tóxicas.
-	La desorganización familiar, relacionado en muchos casos al ejercicio de una autoridad desmedida por alguno de los miembros, no cumplimiento o el descuido de las funciones familiares como la comunicativa, económica, biológica, afectiva, reguladora, pobre capacidad de comunicación y de sensibilidad dentro de la institución familiar."
¿CÓMO SE DESARROLLAN LOS FACTORES QUE RESPALDAN EL DESARROLLO DE LA VIOLENCIA INTRAFAMILIAR?;Los factores que respaldan el desarrollo de la violencia intrafamiliar se desarrollan no solo en el marco de las relaciones sociales sino en el interior de muchas familias como forma de vida, real o simbólica, constituye una forma de resolver los conflictos intrafamiliares o como vía de afrontamiento a diversos problemas, pues dejan al descubierto los verdaderos métodos que deberían emplearse para darles solución, que pueden estar dirigidos a la búsqueda de orientación y apoyo en profesionales de la salud o instituciones sociales encargadas de proteger los derechos de los ciudadanos.
¿CUÁLES SON LAS PRINCIPALES SECUELAS A NIVEL FÍSICO DE UNA VÍCTIMA DE VIOLENCIA INTRAFAMILIAR?;Entre las principales secuelas a nivel físico de una víctima de violencia intrafamiliar se encuentran: cefaleas, dolores de espalda, trastornos gastrointestinales, disfunciones respiratorias, palpitaciones, hiperventilación y lesiones de todo tipo como traumatismos, heridas, quemaduras, enfermedades de transmisión sexual y/o embarazos no deseados debido a relaciones sexuales forzadas, embarazos de riesgo y abortos. La violencia puede acarrear para la víctima incluso consecuencias letales mediante el homicidio o el suicidio.
¿CUÁLES SON LAS PRINCIPALES SECUELAS A NIVEL PSICOLÓGICO DE UNA VÍCTIMA DE VIOLENCIA INTRAFAMILIAR?;"A nivel psicológico se generan efectos profundos tanto a corto como a largo plazo. La reacción inmediata suele ser de conmoción, paralización temporal y negación de lo sucedido, seguidas de aturdimiento, desorientación y sentimientos de soledad, depresión, vulnerabilidad e impotencia. Luego los sentimientos de la víctima pueden pasar del miedo a la rabia, de la tristeza a la euforia, de la compasión de sí misma al sentimiento de culpa. A mediano plazo, pueden presentar ideas obsesivas, incapacidad para concentrarse, insomnio, pesadillas, llanto incontrolado, mayor consumo de fármacos y adicciones.
También puede presentarse una reacción tardía descripta como síndrome de estrés postraumático, consiste en una serie de trastornos emocionales, que no necesariamente aparecen temporalmente asociados con la situación que los originó, pero que constituyen una secuela de situaciones traumáticas vividas, tales como haber estado sometida a situaciones de maltrato físico o psicológico. Algunos de sus síntomas son: trastornos del sueño (pesadillas e insomnio), trastornos amnésicos, depresión, ansiedad, sentimientos de culpa, trastornos por somatización, fobias y miedos diversos, disfunciones sexuales y el uso de la violencia hacia otros como con los propios hijos. "
¿CUÁLES SON LAS PRINCIPALES SECUELAS A NIVEL SOCIAL DE UNA VÍCTIMA DE VIOLENCIA INTRAFAMILIAR?;A nivel social puede ocurrir un deterioro de las relaciones personales, aislamiento social y la pérdida del empleo debido al incremento del ausentismo y a la disminución del rendimiento laboral.
¿CÓMO SE PUEDE PREVENIR LA VIOLENCIA INTRAFAMILIAR?;"Se puede prevenir la violencia intrafamiliar tomando en cuenta las siguientes orientaciones:
-	Potenciar el desarrollo de habilidades sociales desde la niñez.
-	Fomentar el desarrollo de relaciones sanas, estimulantes, saludables entre padres e hijos.
-	Propiciar estilos de comunicación y estilos educativos en los hijos, capaces de generar mayor independencia, respeto, comprensión mutua y relaciones sociales saludables.
-	Proporcionar el establecimiento de límites y roles en la familia desde edades tempranas del desarrollo, provistas de un manejo asertivo por todos sus miembros.
-	Propiciar relaciones afectivas donde lo primordial sea la expresión de afecto paternal y/o familiar, la educación en valores, entre otras.
-	Fortalecer las uniones entre la familia y la escuela, consideradas las principales fuentes de desarrollo de la personalidad del niño.
-	Reeducar a toda la sociedad con una buena base educativa y afectiva que permita establecer los buenos pilares necesarios para construir sociedades verdaderamente libres, democráticas, solidarias y pacíficas cuya interacción principal se basa en el servicio, cuidado y ayuda mutua entre sus miembros."
¿QUÉ ES LA FAMILIA?;La familia es el lugar en el que aprendemos a conocernos, a relacionarnos, a comunicarnos y a resolver nuestros problemas. También aprendemos cómo ser hombres y mujeres. Por esta razón, la familia juega un papel muy importante en la formación de los niños. La familia debe ser un lugar en el que exista afecto, buena comunicación, comprensión, respeto y formas adecuadas de resolver nuestros conflictos. De esta manera nos sentiremos a gusto y protegidos en ella y enseñaremos a nuestros hijos e hijas a relacionarse con respeto.
¿CUÁLES SON LOS TIPOS DE VIOLENCIA INTRAFAMILIAR SEGÚN LA CLASE DE VÍCTIMA?;"En la familia podemos encontrar tres tipos de violencia:
-	El maltrato infantil se produce cuando la violencia afecta a niños, niñas y adolescentes menores de 18 años y es ejercida por los padres o cuidadores.
-	Se llama violencia de pareja o violencia doméstica cuando afecta a algún miembro de la pareja, sin embargo, esta forma de violencia se da principalmente de los hombres hacia las mujeres.
-	Existe violencia contra los adultos mayores cuando el maltrato afecta a los abuelos o abuelas de una familia, es decir, las personas de la tercera edad."
¿EN QUÉ CONSISTE EL MALTRATO INFANTIL?;"El maltrao infantil en la familia se da cuando se daña física, psicológica o sexualmente a los niños, niñas  adolescentes menores de 18 años.
-	Existe maltrato físicos si los padres o las personas que están al cuidado de una niña o niño, lo golpean, le dan cachetadas, palmadas, lo zamarrean o agreden físicamente o de cualquier manera.
-	Existe maltrato psicológico en contra de un niño o niña cuando se le agrede verbalmente. Por ejemplo, si los padres o personas que cuidan de un niño o niña le gritan constantemente o le dicen insultos, como “tonto, feo, no sirves para nada o haces todo mal” o le hablan con grosería. Si el papá o la mamá se relaciona con su hijo o hija de esta manera, dañarán su autoestima y le enseñarán a tratar de este modo a sus futuros hijos."
¿CUÁLES SON LAS CONSECUENCIA DEL MALTRATO INFANTIL?;Los niños que son maltratados por sus padres aprenden a resolver sus problemas a través de la violencia, se ponen más agresivos y difíciles, y pueden tener problemas en el colegio, ya sea bajando sus notas o poniéndose violentos con sus compañeros. Es importante considerar además que el maltrato puede provocar daños físicos a los niños, niñas y adolescentes. Nada hace que un niño o niña se merezca ser maltratado física o psicológicamente. Nada de lo que usted hizo cuando niño o niña justifica los malos tratos que recibió, sólo era un niño o una niña y estaba aprendiendo. Necesitaba que los adultos le enseñaran, pero ellos no conocían otra manera de educar que no fuera usando los castigos físicos y la violencia psicológica.
¿EN QUÉ CONSISTE EL ABUSO SEXUAL?;El abuso sexual es cualquier contacto entre un adulto y un niño o niña, con el propósito de la satisfacción sexual del adulto. El adulto que abusa sexualmente de un niño o niña puede hacerlo a través de amenazas, engaños o por la fuerza. Siempre el adulto es el responsable del abuso. El niño o niña no es responsable, aunque acepte participar en lo que le propone el adulto, pues es este último el que sabe que este tipo de comportamiento no debe darse entre un adulto y un niño, niña o adolescente. Algunos ejemplos de abusos sexuales son mostrar fotos pornográficas a los niños, hablar sobre temas obscenos, mostrar o tocar genitales, penetración sexual (violación).
¿DE QUÉ FORMA PUEDE MANIFESTARSE EL ABUSO SEXUAL?;Puede ser que el adulto toque partes íntimas de un niño, niña o adolescente, o que haga que el niño o niña toque sus partes íntimas. Obligar a los niños a mostrar sus cuerpos es también una forma de abuso sexual, y la forma más extrema es la violación. No sólo la violación es grave, todos los abusos sexuales contra los niños son graves, y es necesario proteger a los niños de los abusadores.
¿CÓMO PODEMOS DARNOS CUENTA DE QUE UN NIÑO ESTÁ VIVIENDO ABUSO SEXUAL?;"Existen algunos comportamientos o actitudes en los niños que pueden hacernos pensar que están viviendo abuso sexual. Si detectamos estas señales debemos averiguar si esto les está sucediendo para detener de inmediato el abuso. Los comportamientos y actitudes que se describen a continuación a veces también se presentan por otras razones distintas al abuso sexual. Por lo tanto, si su hijo o hija presenta alguno de ellos es muy importante que averigüe qué le está pasando y pueda ayudarlo, cualquiera sea la situación que lo está afectando:
•	Cambios bruscos de comportamiento. Por ejemplo, su hijo o hija era alegre y se pone triste y distraído, o era buen estudiante y de repente baja sus notas o le gustaba compartir con los demás y se vuelve solitario y retraído. 
•	Comienza a tener problemas de sueños, temores nocturnos y pesadillas.
•	Comportamientos agresivos o sexualizados. 
•	 Tiene dificultades para caminar o sentarse. 
•	Se le detecta una enfermedad de transmisión sexual. 
•	Vuelve a hacerse pipi o caca cuando ya había aprendido a avisar o hacer solo.
•	Muestra mucho interés por lo sexual.  
•	El niño o niña dice que está viviendo abuso sexual."
¿QUÉ SE DEBE HACER SI UN NIÑO O ADOLESCENTE MANIFIESTA QUE ESTÁ SIENDO VÍCTIMA DE ABUSO?;"•	No perder la calma, tratar de mantenerse tranquilo para poder escuchar al niño y acogerlo con afecto. 
•	Hay que creer lo que nos cuenta. Los niños no mienten en estos temas. 
•	Decirle que no es culpable. Es muy importante dejarle claro que él o ella no tiene ninguna culpa, que el responsable es el agresor (puede usar frases como ""tú no has hecho nada malo"", ""no es tu culpa"", ""tú no has podido evitarlo”). 
•	Decirle que saldrá adelante (""sé que ahora te sientes mal, pero te vamos a ayudar para que vuelvas a sentirte bien""). 
•	Expresarle afecto. Necesita sentirse seguro y querido"
¿QUÉ SE PUEDE HACER PARA PREVENIR EL ABUSO SEXUAL?;"•	Enseñar a los niños desde pequeños a cuidar su cuerpo.
•	No dejar a sus hijos solos en casa, ni menos con personas que a ellos les provoquen desconfianza. Confiar en la intuición de sus hijos.
•	Estar alerta a los signos y señales que nos hagan sospechar que nuestro hijo o hija vive abuso sexual."
¿QUÉ ES LA VIOLENCIA DOMÉSTICA O VIOLENCIA DE PAREJA?;La violencia doméstica o de pareja o es la situación donde los conflictos son afrontados con conductas agresivas sobre la otra persona. La violencia no es normal, por lo que no se debe justificar ni con el consumo de alcohol o de drogas, ni con el estrés, ni con el cansancio. Es verdad que todas las personas y también las parejas son diferentes, por lo que tienen distintos puntos de vista, creencias y maneras de hacer las cosas, y que estas diferencias a veces pueden crear conflictos, que son normales en las familias y las parejas, sin embargo, éstos deben solucionarse mediante el diálogo, el respeto mutuo, la tolerancia y la aceptación de las diferencias, no con agresión.
¿CÓMO SE EXPRESA LA VIOLENCIA DOMÉSTICA O DE PAREJA?;La violencia doméstica se expresa mediante comportamientos de control constante que tiene la pareja sobre todo lo que usted hace, con quién se junta, le impide ver a su familia o participar en distintas actividades o si le dice garabatos o cosas como “tonta, estúpida, no sirves para nada”, critica la forma en cómo hace las cosas de la casa, critica su manera de vestir o su apariencia física o todo lo que usted hace le parece mal y se enoja, usted está viviendo violencia psicológica.
¿CÓMO SE PUEDE DETERMINAR SI SE VIVE VIOLENCIA EN PAREJA?;"Para determinar si usted vive violencia en pareja lo invitamos a contestar este cuestionario para que evalúe su relación de pareja.
•	¿Su pareja le ha hecho daño físico, por ejemplo: empujado, lanzado objetos, dado cachetadas, arrastrado, tirado el pelo o le ha hecho cualquier otro daño físico? 
•	¿Su pareja actual la ha forzado a tener relaciones sexuales u otros actos sexuales en contra de su voluntad? 
•	¿Su pareja le ha insultado, humillado, rechazado, ridiculizado, controlado, le ha hecho situaciones de celos?
Si contesta “sí” a una de estas tres preguntas, es importante que busque ayuda para saber más sobre su relación, ya que es muy probable que esté viviendo violencia de parte de su pareja y debe hacer algo para solucionar esta situación, antes de que se vuelva más grave. Cuando una persona vive violencia de parte de su pareja, muchas veces siente vergüenza y miedo de contarle a otras personas lo que le está pasando, y de pedir ayuda. Cree que es el único que vive este tipo de problemas, y que no hay nadie que pueda ayudarla a enfrentarlos. Es importante que sepa que para poder detener la violencia que viven usted y sus hijos e hijas, es necesario que confíe en otra persona y le cuente lo que le sucede antes de que esta situación se vuelva más grave. El apoyo familiar puede guiarle en este tema."
¿CUÁLES SON LOS TIPOS DE VIOLENCIA INTRAFAMILIAR DE ACUERDO CON LOS MIEMBROS DE LA FAMILIA QUE COMPROMETE?;"•	Violencia filoparental
•	Violencia de género
•	Violencia bidireccional
•	Violencia contra los niños"
¿EN QUÉ CONSISTE LA VIOLENCIA FILOPARENTAL?;Se considera violencia filioparental (VFP) a los «actos agresivos perpetrados por un menor que hacen que su progenitor se sienta amenazado, intimidado y controlado» (Gámez-Guadix y Calvete, 2012, p. 277). A este tipo de violencia, Morán et al. (2012), la llaman ascendente, mientras Cottrell (2001) la definecomo «cualquier acto que realiza el menor con la intención de controlar a los padres o causarles daño psicológico, físico o financiero» (p. 102).
¿EN QUÉ CONSISTE LA VIOLENCIA DE GÉNERO?;La violencia de género consiste en violencia sobre un género específico, ya sea femenino o masculino. Según el MIMP, la violencia de género se impone por su frecuencia, particularidades y tiene en el feminicidio su expresión máxima. También, se señala «la violenciade pareja contra el hombre es un fenómeno subvalorado, con registros incompletos en la literatura, debido a las pocas denuncias existentes, lo cual promueve el imaginario de que los hombres no son víctimas de esta violencia» (Floyd-Aristizábal et al., 2016, p. 35).
¿EN QUÉ CONSISTE LA VIOLENCIA CONTRA LOS NIÑOS?;La OMS (2020) define el maltrato infantil en los siguientes términos: Como los abusos y la desatención de que son objeto los menoresde 18 años, e incluye todos los tipos de maltrato físico opsicológico, abuso sexual, desatención, negligencia y explotacióncomercial o de otro tipo que causen o puedan causar un daño ala salud, desarrollo o dignidad del niño, o poner en peligro susupervivencia, en el contexto de una relación de responsabilidad,confianza o poder. Además, el síndrome del niño maltratado o síndrome de Kempena es unaforma de maltrato infantil que pasa desapercibido, pues no aparece en lasestadísticas oficiales. Para Guerrero-Cazares y Delgado-Guerrero (2012) «esuna forma grave de maltrato infantil consecuencia de violencia doméstica, seacompaña de daño físico o psicológico inferido a un niño mediante agresionesreiteradas, provocadas por uno o más adultos que están a cargo de la víctima»(p. 43).
¿QUÉ NORMATIVAS PERUANAS SE ORIENTAN A ERRADICAR EL PROBLEMA DE LA VIOLENCIA INTRAFAMILIAR?;"•	Ley Nº 30364: Ley para Prevenir, Sancionar y Erradicar la Violencia contra las Mujeres y los Integrantes del Grupo Familiar. 
•	Constitución Política del Perú: Artículo 2º inc. 24, lit. h y Artículo 4º.
•	Convención sobre la Eliminación de todas las formas de Discriminación contra la Mujer – CEDAW. 
•	Convención Interamericana para Prevenir, Sancionar y Erradicar la Violencia Contra la Mujer “Convención de Belém do Pará”. 
•	Convención sobre los Derechos del Niño. 
•	Texto Único Ordenado de la Ley 26260 – Ley de Protección Contra la Violencia Familiar y Sexual y sus modificatorias. 
•	Ley 27337 - Código de los Niños y Adolescentes. 
•	Ley de Igualdad de oportunidades entre mujeres y hombres – Ley Nº 28983. 
•	DS N° 011-2004-MIMDES, Reglamento de Organización y Funciones del MIMDES. 
•	RM Nº 452-2005-MIMDES, Manual de Organización y Funciones del MIMDES. 
•	D.S. 017-2005-JUS, Plan Nacional de Derechos Humanos 2006 – 2010. 
•	D.S. 027-2007-PCM, Define y establece las Políticas Nacionales de obligatorio cumplimiento para las entidades del gobierno nacional. 
•	Acuerdo Nacional – Décimo Sexta política de Estado. 
•	Decreto Supremo Nº 003-2009 –MIMDES “Plan Nacional Contra la Violencia hacia la Mujer 2009-2015”"
¿CUÁL ES EL OBJETIVO DE LA LEY N 30364?;La presente Ley tiene por objeto prevenir, erradicar y sancionar toda forma de violencia producida en el ámbito público o privado contra las mujeres por su condición de tales, y contra los integrantes del grupo familiar, en especial, cuando se encuentran en situación de vulnerabilidad, por la edad o situación física como las niñas, niños, adolescentes, personas adultas mayores y personas con discapacidad. Para tal efecto, establece mecanismos, medidas y políticas integrales de prevención, atención y protección de las víctimas así como reparación del daño causado, y dispone la persecución, sanción y reeducación de los agresores sentenciados con el fin de garantizar a las mujeres y al grupo familiar una vida libre de violencia asegurando el ejercicio pleno de sus derechos.
¿CUÁLES SON LOS PRINCIPIOS RECTORES DE LA LEY N 30364?;"En la interpretación y aplicación de esta Ley, y en general, en toda medida que adopte el Estado a través de sus poderes públicos e instituciones, así como en la acción de la sociedad, se consideran preferentemente los siguientes principios: 
•	Principio de igualdad y no discriminación: Se garantiza la igualdad entre mujeres y hombres. Prohíbase toda forma de discriminación. Entiéndase por discriminación, cualquier tipo de distinción, exclusión o restricción, basada en el sexo, que tenga por finalidad o por resultado menoscabar o anular el reconocimiento, goce o ejercicio de los derechos de las personas.
•	Principio del interés superior del niño: En todas las medidas concernientes a las niñas y niños adoptadas por instituciones públicas o privadas de bienestar social, los tribunales, las autoridades administrativas o los órganos legislativos se debe tener en consideración primordial el interés superior del niño.
•	Principio de la debida diligencia: El Estado adopta sin dilaciones, todas las políticas orientadas a prevenir, sancionar y erradicar toda forma de violencia contra las mujeres y los integrantes del grupo familiar. Deben imponerse las sanciones correspondientes a las autoridades que incumplan este principio.
•	Principio de intervención inmediata y oportuna: Los operadores de justicia y la Policía Nacional del Perú, ante un hecho o amenaza de violencia, deben actuar en forma oportuna, sin dilación por razones procedimentales, formales o de otra naturaleza, disponiendo el ejercicio de las medidas de protección previstas en la ley y otras normas, con la finalidad de atender efectivamente a la víctima.
•	Principio de sencillez y oralidad: Todos los procesos por violencia contra las mujeres y los integrantes del grupo familiar se desarrollan considerando el mínimo de formalismo, en espacios amigables para las presuntas víctimas, favoreciendo que estas confíen en el sistema y colaboren con él para una adecuada sanción al agresor y la restitución de sus derechos vulnerados.
•	Principio de razonabilidad y proporcionalidad: El fiscal o juez a cargo de cualquier proceso de violencia, debe ponderar la proporcionalidad entre la eventual afectación causada y las medidas de protección y de rehabilitación a adoptarse. Para ello, debe hacer un juicio de razonabilidad de acuerdo con las circunstancias del caso, emitiendo decisiones que permitan proteger efectivamente la vida, la salud y la dignidad de las víctimas. La adopción de estas medidas se adecúa a las fases del ciclo de la violencia y a las diversas tipologías que presenta la violencia contra las mujeres y los integrantes del grupo familiar."
¿CUÁLES SON LOS ENFOQUES DE LA LEY N 30364?;"Los operadores, al aplicar la presente Ley, consideran los siguientes enfoques: 
•	Enfoque de género: Reconoce la existencia de circunstancias asimétricas en la relación entre hombres y mujeres, construidas sobre la base de las diferencias de género que se constituyen en una de las causas principales de la violencia hacia las mujeres. Este enfoque debe orientar el diseño de las estrategias de intervención orientadas al logro de la igualdad de oportunidades entre hombres y mujeres. 
•	Enfoque de integralidad: Reconoce que en la violencia contra las mujeres confluyen múltiples causas y factores que están presentes en distintos ámbitos, a nivel individual, familiar, comunitario y estructural. Por ello se hace necesario establecer intervenciones en los distintos niveles en los que las personas se desenvuelven y desde distintas disciplinas. 
•	Enfoque de interculturalidad: Reconoce la necesidad del diálogo entre las distintas culturas que se integran en la sociedad peruana, de modo que permita recuperar, desde los diversos contextos culturales, todas aquellas expresiones que se basan en el respeto a la otra persona. Este enfoque no admite aceptar prácticas culturales discriminatorias que toleran la violencia u obstaculizan el goce de igualdad de derechos entre personas de géneros diferentes. 
•	Enfoque de derechos humanos: Reconoce que el objetivo principal de toda intervención en el marco de esta Ley debe ser la realización de los derechos humanos, identificando a los titulares de derechos y aquello a lo que tienen derecho conforme a sus particulares necesidades, identificando, asimismo, a los obligados o titulares de deberes y de las obligaciones que les corresponden. Se procura fortalecer la capacidad de los titulares de derechos para reivindicar estos y de los titulares de deberes para cumplir sus obligaciones. 
•	Enfoque de interseccionalidad: Reconoce que la experiencia que las mujeres tienen de la violencia se ve influida por factores e identidades como su etnia, color, religión, opinión política o de otro tipo, origen nacional o social, patrimonio, estado civil, orientación sexual, condición de seropositiva, condición de inmigrante o refugiada, edad o discapacidad, y, en su caso, incluye medidas orientadas a determinados grupos de mujeres. 
•	Enfoque generacional: Reconoce que es necesario identificar las relaciones de poder entre distintas edades de la vida y sus vinculaciones para mejorar las condiciones de vida o el desarrollo común. Considera que la niñez, la juventud, la adultez y la vejez deben tener una conexión, pues en conjunto están abonando a una historia común y deben fortalecerse generacionalmente. Presenta aportaciones a largo plazo considerando las distintas generaciones y colocando la importancia de construir corresponsabilidades entre estas."
¿QUÉ SERVICIOS EXISTEN EN EL PERÚ PARA ATENDER LOS CASOS DE VIOLENCIA INTRAFAMILIAR?;"Si eres mujer o formas parte de un grupo familiar y te encuentras en situación de violencia, puedes solicitar apoyo al Ministerio de la Mujer y Poblaciones Vulnerables (MIMP) en todo el territorio peruano, de acuerdo a lo dispuesto en la Ley N.° 30364, Ley para prevenir, sancionar y erradicar la violencia contra las mujeres y los integrantes del grupo familiar. A través del Programa Nacional para la Prevención y Erradicación de la Violencia contra las Mujeres e Integrantes del Grupo Familiar - Aurora, se diseñan y ejecutan acciones y políticas de atención, prevención y apoyo a las personas involucradas en hechos de violencia familiar y sexual, contribuyendo así a mejorar la calidad de vida de a población. Entre los servicios que te ofrece están:
•	Centro de Atención Institucional (CAI)
•	Asistencia Económica (AE)
•	Servicio de Atención Rural (SAR)
•	Servicio de Atención Urgente (SAU)
•	Línea 100
•	Centros Emergencia Mujer (CEM)
•	Chat 100
•	Hogar de Refugio Temporal (HRT)"
¿EN QUÉ CONSISTE EL SERVICIO CENTRO DE ATENCIÓN INSTITUCIONAL (CAI)?;Contribuye al cese de la conducta violenta de hombres sentenciados por violencia contra su pareja o que se encuentren en proceso de sanción, a través de la reeducación de sus creencias y percepciones sobre las mujeres. Se cuenta con 6 CAI en 5 regiones del país.
¿EN QUÉ CONSISTE EL SERVICIO ASISTENIA ECONÓMICA (AE)?;Es un apoyo económico destinado a los hijos de las víctimas de feminicidio. Así, se contribuye a su desarrollo integral y a sus proyectos de vida. La población beneficiaria comprende niñas, niños o adolescentes, personas mayores de 18 años que estén realizando estudios superiores de manera satisfactoria y personas con discapacidad. Para acceder a la AE, puedes presentar una solicitud a través de la Mesa de Partes Digital de la entidad. Si deseas más información puedes escribir al correo electrónico asistenciaeconomica@aurora.gob.pe.
¿EN QUÉ CONSISTE EL SERVICIO SERVICIO DE ATENCIÓN RURAL (SAR)?;Facilita el acceso a la justicia, así como la atención, la prevención y la protección de personas afectadas por violencia en ámbitos rurales y en pueblos indígenas. Asimismo, fortalece las capacidades de las autoridades, las lideresas, los líderes y la organización comunitaria para el abordaje integral frente a la problemática. Actualmente, se cuenta con 62 equipos de SAR que, mediante su oferta fija e itinerante, intervienen en 271 comunidades, 48 provincias y 23 regiones del país.
¿EN QUÉ CONSISTE EL SERVICIO SERVICIO DE ATENCIÓN URGENTES (SAU)?;Brinda atención a las víctimas de violencia donde se encuentren o hayan sucedido los hechos, especialmente si están en riesgo moderado o severo, a fin de contribuir con el acceso a la justicia, protección y recuperación. Para ello despliega acciones de articulación con otras áreas del Ministerio de la Mujer y Poblaciones Vulnerables (MIMP) o las instituciones del Estado. Existen 8 SAU a nivel nacional, ubicados en las regiones de Lima, Arequipa, Huánuco, Cusco, La Libertad, Puno, Madre de Dios y Ayacucho.
¿EN QUÉ CONSISTE EL SERVICIO LÍNEA 100?;Brinda información, orientación, consejería y soporte emocional en quechua, aimara y castellano para las personas afectadas por hechos de violencia contra las mujeres y los integrantes del grupo familiar o que conozcan un caso. La llamada es gratuita al número 100, desde un teléfono fijo o celular desde cualquier parte del país. La Línea 100 funciona las 24 horas, todos los días de la semana.
¿EN QUÉ CONSISTE EL SERVICIO CENTROS EMERGENCIA MUJER (CEM)?;Son servicios públicos especializados y gratuitos, de atención integral y multidisciplinaria, para víctimas de violencia contra las mujeres y los integrantes del grupo familiar y personas afectadas por violencia sexual. Permite acceder a asesoría legal, contención emocional y apoyo social a nivel nacional. En todo el Perú, los 245 CEM regulares y un CEM en centro de salud (Santa Julia, Piura) atienden de lunes a viernes de 8:00 a. m. a 4:15 p. m., y los 185 CEM en comisarías, las 24 horas del día, los 365 días del año. Si deseas más información puedes llamar a la central telefónica (01) 4197260.
¿EN QUÉ CONSISTE EL SERVICIO CHAT 100?;Servicio personalizado por internet y en tiempo real, donde profesionales especializados brindan información y orientación psicológica para identificar situaciones de riesgo de violencia en las relaciones de enamoramiento y noviazgo. También, cuenta con especialistas que velan por la igualdad para la atención a varones. El Chat 100 es confidencial y se encuentra disponible las 24 horas.
¿EN QUÉ CONSISTE EL SERVICIO HOGAR DE REFUGIO TEMPORAL (HRT)?;Son espacios seguros y temporales que brindan protección, albergue, alimentación y atención integral (servicio de psicología, trabajo social, tópico-enfermería, educadora, acompañamiento permanente y talleres productivos) a mujeres víctimas de violencia de género, especialmente aquellas en situación de riesgo de feminicidio o peligre su integridad o salud física o mental, así como para sus hijas e hijos. Actualmente existen 23 HRT en 18 regiones del país.
¿QUÉ PRINCIPIOS GUÍAN LA ATENCIÓN EN LOS CENTROS EMERGENCIA MUJER (CEM)?;"•	La violencia familiar y sexual como vulneración de los derechos humanos.
•	La violencia familiar y sexual son expresión de la desigualdad de género y la discriminación hacia las mujeres.
•	La violencia familiar y sexual son un problema de salud pública.
•	La multicausalidad de la violencia requiere de un abordaje intersectorial.
•	El abordaje interdisciplinario de los casos.
•	La no revictimización.
•	La atención oportuna.
•	La interculturalidad y el respeto a la dignidad.
•	La confidencialidad y reserva de la información."
¿EN QUÉ CONSISTE EL PRINCIPIO DE VIOLENCIA FAMILIAR Y SEXUAL COMO VULNERACIÓN DE LOS DERECHOS HUMANOS?;Toda intervención parte del reconocimiento de que la violencia familiar o sexual es una vulneración de los derechos humanos, que requiere de medidas urgentes para su cese. Implica una actitud vigilante de defensa de los derechos de las personas y el conocimiento por parte de todas y todos los profesionales del Centro “Emergencia Mujer” del sistema nacional e internacional de protección de los derechos humanos. Está prohibida cualquier acción que propicie o favorezca la realización de acuerdos conciliatorios entre la persona afectada por la violencia y el agresor, así como el amparo de tradiciones, costumbres o criterios religiosos que permitan o toleren forma alguna de violencia. La prioridad del profesional o la profesional es la protección y seguridad de la víctima para la defensa de sus derechos.
¿EN QUÉ CONSISTE EL PRINCIPIO DE VIOLENCIA FAMILIAR Y SEXUAL SON EXPRESIÓN DE LA DESIGUALDAD DE GÉNERO Y LA DISCRIMINACIÓN HACIA LAS MUJERES?;La violencia contra las niñas y mujeres es producto de la construcción social de las relaciones entre hombres y mujeres, aprendidas a través del proceso de socialización y a partir de la cual se genera una situación de desigualdad y discriminación de las mujeres, en las distintas esferas. “A través de este enfoque, es posible explicar la alta incidencia de la violencia ejercida contra las mujeres y comprender que toda violencia de género es parte de un amplio fenómeno cristalizado en la cultura y en los modelos y representaciones mentales que tienen de ella los individuos que la conforman”. El o la profesional debe reconocer los estereotipos, prejuicios y desigualdades de género en su intervención y dirigir sus acciones a denunciar y corregir dicha realidad.
¿EN QUÉ CONSISTE EL PRINCIPIO DE VIOLENCIA FAMILIAR Y SEXUAL SON UN PROBLEMA DE SALUD PÚBLICA?;La violencia tiene graves consecuencias para la salud y constituye una seria amenaza para la vida e integridad de quienes la sufren. La evaluación de riesgo permite identificar diversas características, factores o condiciones que favorecen o aumentan las probabilidades de que se produzcan hechos de violencia familiar o sexual. En virtud a ello, los y las profesionales del servicio deben valorar el nivel de riesgo en el que se encuentra la persona afectada, para adecuar sus acciones a las necesidades y prioridades de las mismas. La intervención en los casos de riesgo tiene como objetivo prioritario detener el daño y minimizar las consecuencias de la violencia.
¿EN QUÉ CONSISTE EL PRINCIPIO DE MULTICAUSALIDAD DE LA VIOLENCIA REQUIERE DE UN ABORDAJE INTERSECTORIAL?;Implica la coordinación permanente con autoridades y operadores de los sectores Salud, Justicia, Educación e Interior, así como el Ministerio Público y el Poder Judicial, a fin de garantizar una intervención oportuna, eficaz y de calidad. En los casos en los que se adviertan irregularidades, abuso o incumplimiento de funciones por parte de cualquier autoridad o prestador de un servicio, los profesionales del CEM deben formular la denuncia o queja correspondiente.
¿EN QUÉ CONSISTE EL PRINCIPIO DE ABORDAJE INTERDISCIPLINARIO DE LOS CASOS?;El servicio aborda los casos de manera interdisciplinaria dada la complejidad de la problemática de la violencia. La intervención interdisciplinaria implica que cada profesional comparta información, discuta estrategias y planifique acciones de manera conjunta para contribuir a la protección, el acceso a la justicia y la recuperación de la persona afectada por hechos de violencia. Presupone que cada profesional defina sus acciones de intervención específica a partir de la interacción con las y los otros.
¿EN QUÉ CONSISTE EL PRINCIPIO DE NO REVICTIMIZACIÓN?;La intervención de las y los profesionales del CEM no debe en ningún caso exponer a la persona afectada por hechos de violencia al trauma emocional que implica el relato reiterado de los hechos de violencia, las esperas prolongadas o las preguntas y comentarios que juzgan, culpabilizan o afectan su intimidad. El CEM no debe incorporar prácticas o acciones que impliquen la descripción repetida e innecesaria de la experiencia de violencia por parte de la persona afectada. Asimismo debe identificar y denunciar las prácticas que impliquen a los operadores de justicia en la revictimización.
¿EN QUÉ CONSISTE EL PRINCIPIO DE ATENCIÓN OPORTUNA?;La atención oportuna e inmediata constituye un deber de las y los profesionales del servicio. En tal sentido, la intervención profesional debe realizarse de acuerdo a la urgencia o riesgo detectado para la integridad de la persona afectada.
¿EN QUÉ CONSISTE EL PRINCIPIO DE INTERCULTURALIDAD Y EL RESPETO A LA DIGNIDAD?;Las y los profesionales del CEM deben considerar el respeto de la condición sociocultural, así como las convicciones personales y morales de las personas afectadas por la violencia. Sin embargo, brinda información y orientación dirigida a desechar mitos, prejuicios y prácticas contrarias a los Derechos Humanos. De este modo se reconoce y respeta los sistemas de vida y manifestaciones de las diversas culturas para la intervención en violencia, considerando el irrestricto respeto de los derechos humanos.
¿EN QUÉ CONSISTE EL PRINCIPIO DE CONFIDENCIALIDAD Y RESERVA DE LA INFORMACIÓN?;Las y los profesionales deben guardar reserva respecto de la información que revela la usuaria. No podrán revelar, entregar o poner a disposición de terceros la documentación e información relativa a los casos, salvo que se requiera para la defensa y protección de la persona afectada o lo solicite la autoridad judicial.
¿CUÁLES SON LOS DERECHOS DE LAS PERSONAS AFECTADAS POR HECHOS DE VIOLENCIA?;"•	Derecho a no ser discriminada/o por razones de género, etnia, edad, cultura u orientación sexual. 
•	Derecho que se le brinde una atención especializada y adecuada a sus necesidades. 
•	Derecho a un trato digno, con respeto, comprensión y sensibilidad. 
•	Derecho a recibir información y orientación comprensible y adecuada a cargo de profesionales especializadas/os. Dicha información comprende las disposiciones establecidas en la Ley relativas a la protección y defensa de sus derechos y los recursos o servicios a los que puede acudir para su recuperación. 
•	Derecho a recibir información completa, veraz y oportuna que permita la toma de decisiones informada. Se debe brindar la información y recursos de afronte necesarios para que la persona afectada por hechos de violencia pueda tomar decisiones respecto a su problemática. Es importante respetar la autonomía. La/el profesional debe tener en cuenta que a muchas personas no les resulta fácil alejarse de una relación violenta y a pesar de la información recibida, es posible que no tomen la decisión de denunciar a su agresor o abandonarlo. En este caso, se limita a explicar con claridad las alternativas de solución para su problemática y a poner a su alcance los recursos necesarios para afrontar la situación de violencia. 
•	Derecho a la defensa jurídica gratuita, especializada e inmediata. 
•	Derecho a recibir orientación y consejería psicológica, si lo requiere. 
•	Derecho a una atención oportuna de acuerdo a su necesidad y al riesgo en que se encuentra, en forma inmediata y con calidad. 
•	Derecho a que se preserve en todo momento la intimidad y la confidencialidad de la información que brinde y de los datos que pudieran permitir su identificación y localización. En muchos casos las personas afectadas consideran la violencia como un tema vergonzoso, que afecta su intimidad personal, por lo que se debe garantizar la reserva sobre su caso, con excepción de los casos de violación sexual contra niños y niñas, en los que la denuncia es imperativa. El personal toma las acciones necesarias para que las entrevistas se lleven a cabo en un ambiente de privacidad. Sólo se brinda información acerca de los casos a solicitud de la autoridad judicial. 
•	Derecho a no relatar los hechos de violencia en forma reiterada. 
•	Derecho a recibir información completa y oportuna sobre su salud sexual y reproductiva: prevención de embarazo no deseado y de infecciones de transmisión sexual, así como acceso a medios de anticoncepción oral de emergencia y antirretrovirales."
¿QUIÉNES PUEDEN DENUNCIAR UN HECHO DE VIOLENCIA INTRAFAMILIAR?;"•	La persona agraviada. 
•	La Defensoría del Pueblo. 
•	Cualquier persona que conozca los hechos de violencia"
¿A DÓNDE SE DEBE ACUDIR PARA PRESENTAR UNA DENUNCIA DE VIOLENCIA INTRAFAMILIAR?;"•	Policía Nacional del Perú – PNP: En cualquier comisaría de la jurisdicción.
•	Juzgados: Juzgados de Familia, Juzgados Mixtos o Juzgados de Paz 
•	Ministerio Público: En el caso de niñas, niños y adolescentes (Art. 144 del Código de los niños y los adolescentes)."
¿QUÉ DERECHOS ASISTEN EN EL PROCESO LUEGO DE INTERPONER LA DENUNCIA DE VIOLENCIA INTRAFAMILIAR?;"Tienes derecho:
•	A ser tratado/a con respeto en todas las instancias públicas o privadas inmersas en la ruta de atención. 
•	A que el personal de la PNP reciba tu denuncia y la remita al Poder Judicial en 24 horas
•	A que el/la juez/a te otorgue medidas de protección y/o cautelares a más tardar en 72 horas después de haber recibido tu denuncia y remite tu expediente a la Fiscalía Penal.
•	A que la persona agresora sea detenido en el momento o dentro de las 24 horas en que ocurrieron los hechos, en caso de flagrancia, incluso con allanamiento del domicilio. 
•	A que la PNP te brinde un número telefónico disponible las 24 horas del día, a efectos de monitorear y hacer cumplir las medidas de protección dictadas por el juez/a 
•	A no ser despedida/o de tu trabajo, al cambio de lugar de trabajo, a la justificación de inasistencias y tardanzas por causas relacionadas a los actos de violencia. 
•	Al cambio de lugar y horario de estudios, a la justificación de inasistencias, tardanzas y a la atención especializada ante las secuelas derivadas de los actos de violencia."
¿QUÉ SE DEBE HACER SI NO ACEPTAN MI DENUNCIA DE VIOLENCIA INTRAFAMILIAR?;Si no aceptan tu denuncia, no te otorgan una medida de protección o percibes retraso en tu proceso, DENUNCIA ante la Defensoría del Pueblo (Línea Gratuita 0800-15-170), Inspectoría de la PNP (Línea Gratituta 0800- 47522), la Oficina de Control de la Magistratura OCMA (Línea Gratuita Aló OCMA 0800-1212-1), la Fiscalía Suprema de Control Interno (Línea 625- 5555) o al Ministerio de la Mujer y Poblaciones Vulnerables (Línea 100).
¿QUÉ SE DEBE CONSIDERAR AL MOMENTO DE DENUNCIAR VIOLENCIA INTRAFAMILIAR?;"•	Tener una copia del DNI en un lugar seguro, partida de matrimonio, partida de nacimiento de los/as niños/as, título de propiedad o certificado de posesión, inventario de bienes adquiridos, denuncias anteriores o escritos de procesos previos. 
•	Recabar documentación que pruebe los hechos de violencia (examen médico legista, recetas médicas, pericias psicológicas, entre otros). 
•	Recabar evidencias que acrediten los hechos de violencia (fotos, datos de testigos, grabaciones, mensajes de texto y de redes sociales, entre otros). 
•	Sacar duplicado de las llaves y dejárselas a un familiar o a una persona de confianza.
•	Te recomendamos acudir a los servicios del MIMP: Centro Emergencia Mujer más cercano, a fin de que te brinden orientación psicológica, legal, social y defensa judicial. También puedes comunicarte a la Línea 100 o al Chat 100.
•	No asistas a ninguna cita o encuentro que te proponga la persona agresora porque pones tu vida en peligro."
¿CUÁL ES EL OBJETIVO PRINCIPAL DEL PLAN DE ACCIÓN CONJUNTO PARA PREVENIR LA VIOLENCIA CONTRA LAS MUJERES?;El Plan de Acción Conjunto para prevenir la violencia contra las mujeres tiene como objetivo principal prevenir la violencia contra las mujeres y brindar protección y atención a las víctimas, con un énfasis especial en los casos de alto riesgo. Este plan incluye acciones concretas y urgentes para mejorar el acceso a la justicia, la atención en salud, la protección policial y la sensibilización comunitaria, entre otros aspectos. 
¿QUÉ ENTIDADES ESTÁN INVOLUCRADAS EN LA EJECUCIÓN DEL PLAN DE ACCIÓN CONJUNTO PARA PREVENIR LA VIOLENCIA CONTRA LAS MUJERES?;"El Plan de Acción Conjunto 2019 para prevenir la violencia contra las mujeres y brindar protección y atención a las víctimas involucra a varias entidades públicas. Entre ellas se encuentran:
•	Ministerio de Justicia y Derechos Humanos
•	Ministerio de Salud
•	Ministerio del Interior
•	Ministerio de Educación
•	Ministerio de Desarrollo e Inclusión Social
•	Ministerio de Cultura
•	Ministerio de la Mujer y Poblaciones Vulnerables
•	Ministerio de Economía y Finanzas
•	Poder Judicial
•	Ministerio Público
•	Defensoría del Pueblo
Estas entidades son responsables de ejecutar las acciones y metas establecidas en el plan."
¿CUÁLES SON LOS LINEAMIENTOS ESTRATÉGICOS MENCIONADOS EN EL PLAN?;"El plan menciona cuatro lineamientos estratégicos principales:
•	Sistema Especializado de Justicia: Implementar un sistema especializado para la protección y sanción de la violencia contra las mujeres.
•	Protección a Víctimas: Proteger a mujeres, niños, niñas y adolescentes víctimas de violencia.
•	Prevención Integral: Prevenir la violencia contra niñas, niños, adolescentes y mujeres.
•	Fortalecimiento del Sistema Nacional: Fortalecer el sistema nacional para la prevención, sanción y erradicación de la violencia contra las mujeres y los integrantes del grupo familiar."
¿QUÉ MEDIDAS ESPECÍFICAS SE HAN IMPLEMENTADO PARA LA PROTECCIÓN DE MUJERES Y NIÑAS INDÍGENAS?;"El Plan de Acción Conjunto para el año 2019 incluye varias medidas específicas para la protección de mujeres y niñas indígenas:
•	Enfoque Intercultural: Publicación de lineamientos interculturales para servicios de prevención y atención de la violencia sexual hacia mujeres indígenas.
•	Capacitación: Formación de 150 líderes y lideresas de organizaciones indígenas en prevención y atención de la violencia sexual.
•	Sistema Local de Protección: Creación de un sistema local de protección en comunidades indígenas de Imaza.
•	Materiales Comunicacionales: Distribución de materiales para la prevención de la violencia sexual en comunidades awajún de Amazonas.
Estas acciones buscan asegurar que los servicios públicos sean culturalmente adecuados y efectivos."
¿CUÁL ES EL IMPACTO DE LA VIOLENCIA INTRAFAMILIAR EN LOS NIÑOS QUE SON TESTIGOS DE ESTOS CASOS?;"•	Problemas emocionales y psicológicos: Experimentan altos niveles de estrés, ansiedad, miedo y depresión. 
•	Dificultades del comportamiento: Los niños a menudo exhiben comportamientos agresivos, problemas en la escuela, de disciplina, mostrando un bajo rendimiento académico.
•	Aislamiento Social: Los niños pueden aislarse socialmente, debido a la vergüenza o el miedo a revelar la situación de su hogar
•	Baja Autoestima: Pueden sentirse inútiles, culpables o responsables de la violencia, lo que afecta su autoimagen y confianza en sí mismos."
¿QUÉ PAPEL JUEGAN LAS INSTITUCIONES EDUCATIVAS EN LA IDENTIFICACIÓN Y APOYO A VÍCTIMAS DE VIOLENCIA INTRAFAMILIAR?;"•	Detección Temprana y Referencia:
o	Observación de cambios en el comportamiento de los estudiantes.
o	Informes obligatorios a las autoridades si se sospecha de maltrato.

•	Apoyo Emocional y Psicológico:
o	Consejería escolar para ayudar a los estudiantes a procesar sus experiencias.
o	Grupos de apoyo para compartir y recibir apoyo emocional.

•	Educación y Concienciación: 
o	Programas educativos sobre violencia intrafamiliar y relaciones saludables.
o	Capacitación para el personal escolar en reconocimiento y respuesta a señales de violencia.

•	Creación de un Entorno Seguro:
o	Políticas de tolerancia cero hacia el acoso y la violencia.
o	Espacios seguros para que los estudiantes hablen y busquen ayuda.

•	Intervención y Colaboración:
o	Colaboración con servicios sociales y agencias de protección infantil.
o	Ayuda en la planificación de seguridad para estudiantes y familias.

•	Apoyo a las Familias:
o	Programas y talleres para padres sobre manejo del estrés y crianza positiva.
o	Acceso a servicios de asesoramiento familiar para resolver conflictos"
¿DE QUÉ MANERA PUEDE LA LEGISLACIÓN INFLUIR EN LA PREVENCIÓN Y EL TRATAMIENTO DE LA VIOLENCIA INTRAFAMILIAR?;"•	Definición y Reconocimiento: Clarificar qué es la violencia intrafamiliar y reconocer a todas las víctimas.

•	Protección y Seguridad: Emitir órdenes de protección y financiar refugios.

•	Denuncia y Procedimientos Legales: Facilitar la denuncia y asegurar acceso a justicia para las víctimas.

•	Prevención y Educación: Financiar programas educativos y capacitar a profesionales.

•	Tratamiento y Rehabilitación: Proveer apoyo psicológico a víctimas y programas de rehabilitación para agresores.

•	Monitoreo y Evaluación: Recopilar datos y evaluar la efectividad de las leyes.

•	Coordinación Interinstitucional: Fomentar la cooperación entre diferentes sectores para un enfoque integral."
¿CUÁLES SON LOS EFECTOS A LARGO PLAZO DE LA VIOLENCIA INTRAFAMILIAR EN LA SALUD MENTAL DE LAS VÍCTIMAS?;"•	Trastornos de Ansiedad y Depresión: Las víctimas a menudo desarrollan trastornos de ansiedad y depresión debido al estrés y trauma continuos.

•	Trastorno de Estrés Postraumático (TEPT): Muchas víctimas experimentan TEPT, con síntomas como flashbacks, pesadillas y una sensación constante de peligro.
•	Baja Autoestima: El abuso continuo puede erosionar la autoestima de la víctima, haciéndola sentir inútil e incapaz.

•	Problemas de Confianza: Las experiencias traumáticas pueden dificultar que las víctimas confíen en los demás, afectando sus relaciones futuras.

•	Abuso de Sustancias: Algunas víctimas recurren al alcohol o las drogas como una forma de lidiar con el dolor emocional.

•	Problemas de Salud Física: El estrés crónico puede llevar a problemas de salud física, como enfermedades cardíacas, hipertensión y trastornos del sueño."
¿QUÉ ESTRATEGIAS PUEDEN USAR LAS PERSONAS CERCANAS A LAS VÍCTIMAS PARA BRINDARLES APOYO SIN PONERLAS EN MAYOR RIESGO?;"•	Escucha Activa y Empatía: Ser un oyente atento y mostrar comprensión sin juzgar a la víctima.

•	Ofrecer Información y Recursos: Proporcionar información sobre servicios y recursos disponibles para las víctimas.

•	Crear un Plan de Seguridad: Ayudar a la víctima a desarrollar un plan de seguridad para situaciones de emergencia.

•	Mantener la Comunicación Abierta: Estar disponible para la víctima y mantener las líneas de comunicación abiertas.

•	Respetar las Decisiones de la Víctima: Respetar las decisiones de la víctima y no presionarla para que actúe antes de estar lista.

•	No Confrontar al Abusador: Evitar confrontar directamente al abusador, ya que esto puede aumentar el riesgo para la víctima."
¿CUÁLES SON LOS DESAFÍOS COMUNES QUE ENFRENTAN LAS VÍCTIMAS DE VIOLENCIA INTRAFAMILIAR AL INTENTAR SALIR DE UNA SITUACIÓN ABUSIVA?;"•	Dependencia Financiera: La falta de independencia económica puede dificultar que las víctimas dejen al abusador.

•	Miedo a Represar: Temor a represalias físicas o emocionales por parte del abusador.

•	Aislamiento Social: El aislamiento de amigos y familiares puede dejar a las víctimas sin una red de apoyo.

•	Custodia de los Hijos: Preocupaciones sobre la custodia de los hijos y el bienestar de estos.

•	Falta de Refugios y Recursos: La falta de acceso a refugios seguros y recursos de apoyo.

•	Presiones Culturales y Sociales: Normas culturales y sociales que pueden desalentar a las víctimas de buscar ayuda."
¿DE QUÉ MANERA PUEDE LA TECNOLOGÍA SER UTILIZADA PARA PREVENIR Y RESPONDER A LA VIOLENCIA INTRAFAMILIAR?;"•	Aplicaciones de Seguridad: Aplicaciones móviles que permiten a las víctimas alertar a amigos o autoridades en caso de emergencia.
•	Líneas de Ayuda y Chats en Línea: Servicios en línea que proporcionan apoyo y asesoramiento inmediato a las víctimas.
•	Educación y Concienciación en Línea: Plataformas de educación en línea que informan sobre la violencia intrafamiliar y cómo buscar ayuda.
•	Monitoreo y Vigilancia: Dispositivos de monitoreo que pueden usarse para proteger a las víctimas y rastrear a los abusadores.
•	Redes de Apoyo Virtuales: Grupos de apoyo en línea donde las víctimas pueden compartir experiencias y recibir apoyo.
•	Recolección de Evidencias: Herramientas tecnológicas que ayudan a documentar y recopilar pruebas de abuso para procedimientos legales."
¿CUÁLES SON LOS INDICADORES DE RIESGO DE LA VIOLENCIA INTRAFAMILIAR?;"Los indicadores de riesgo de violencia intrafamiliar pueden incluir:
•	Aislamiento social de la víctima.
•	Control excesivo sobre las actividades de la víctima.
•	Cambios en el comportamiento o en el estado emocional de la víctima.
•	Historias previas de violencia en la familia.
•	Uso o abuso de alcohol y drogas por parte del agresor."
¿QUÉ EFECTOS TIENE LA VIOLENCIA INTRAFAMILIAR EN LOS NIÑOS?;"Los niños que son testigos o víctimas de violencia intrafamiliar pueden experimentar:
•	Problemas de salud mental como ansiedad y depresión.
•	Dificultades en el desarrollo cognitivo y académico.
•	Problemas de comportamiento como agresividad o retraimiento.
•	Mayor riesgo de convertirse en víctimas o perpetradores de violencia en el futuro."
¿CUÁLES SON LOS SERVICIOS PARA ATENDER CASOS DE VIOLENCIA CONTRA LAS MUJERES E INTEGRANTES DEL GRUPO FAMILIAR?;"Si eres mujer o formas parte de un grupo familiar y te encuentras en situación de violencia, puedes solicitar apoyo al Ministerio de la Mujer y Poblaciones Vulnerables (MIMP) en todo el territorio peruano, de acuerdo con lo dispuesto en la Ley N.° 30364, Ley para prevenir, sancionar y erradicar la violencia contra las mujeres y los integrantes del grupo familiar.
A través del Programa Nacional para la Prevención y Erradicación de la Violencia contra las Mujeres e Integrantes del Grupo Familiar - Aurora, se diseñan y ejecutan acciones y políticas de atención, prevención y apoyo a las personas involucradas en hechos de violencia familiar y sexual, contribuyendo así a mejorar la calidad de vida de la población. Entre los servicios que te ofrece están:
•	Centro de Atención Institucional (CAI): Contribuye al cese de la conducta violenta de hombres sentenciados por violencia contra su pareja o que se encuentren en proceso de sanción, a través de la reeducación de sus creencias y percepciones sobre las mujeres. Se cuenta con 6 CAI en 5 regiones del país.
•	Asistencia Económica (AE): Es un apoyo económico destinado a los hijos de las víctimas de feminicidio. Así, se contribuye a su desarrollo integral y a sus proyectos de vida. La población beneficiaria comprende niñas, niños o adolescentes, personas mayores de 18 años que estén realizando estudios superiores de manera satisfactoria y personas con discapacidad. Si deseas más información puedes escribir al correo electrónico asistenciaeconomica@aurora.gob.pe.
•	Servicio de Atención Rural (SAR): Facilita el acceso a la justicia, así como la atención, la prevención y la protección de personas afectadas por violencia en ámbitos rurales y en pueblos indígenas. Asimismo, fortalece las capacidades de las autoridades, las lideresas, los líderes y la organización comunitaria para el abordaje integral frente a la problemática. Actualmente, se cuenta con 62 equipos de SAR que, mediante su oferta fija e itinerante, intervienen en 271 comunidades, 48 provincias y 23 regiones del país.
•	Servicio de Atención Urgente (SAU): Brinda atención a las víctimas de violencia donde se encuentren o hayan sucedido los hechos, especialmente si están en riesgo moderado o severo, a fin de contribuir con el acceso a la justicia, protección y recuperación. Para ello despliega acciones de articulación con otras áreas del Ministerio de la Mujer y Poblaciones Vulnerables (MIMP) o las instituciones del Estado. Existen 8 SAU a nivel nacional, ubicados en las regiones de Lima, Arequipa, Huánuco, Cusco, La Libertad, Puno, Madre de Dios y Ayacucho.
•	Línea 100: Brinda información, orientación, consejería y soporte emocional en quechua, aimara y castellano para las personas afectadas por hechos de violencia contra las mujeres y los integrantes del grupo familiar o que conozcan un caso. La llamada es gratuita al número 100, desde un teléfono fijo o celular desde cualquier parte del país. La Línea 100 funciona las 24 horas, todos los días de la semana.
•	Centros Emergencia Mujer (CEM): Son servicios públicos especializados y gratuitos, de atención integral y multidisciplinaria, para víctimas de violencia contra las mujeres y los integrantes del grupo familiar y personas afectadas por violencia sexual. Permite acceder a asesoría legal, contención emocional y apoyo social a nivel nacional. En todo el Perú, los 245 CEM regulares y un CEM en centro de salud (Santa Julia, Piura) atienden de lunes a viernes de 8:00 a. m. a 4:15 p. m., y los 185 CEM en comisarías, las 24 horas del día, los 365 días del año. Si deseas más información puedes llamar a la central telefónica (01) 4197260.
•	Chat 100: Servicio personalizado por internet y en tiempo real, donde profesionales especializados brindan información y orientación psicológica para identificar situaciones de riesgo de violencia en las relaciones de enamoramiento y noviazgo. También, cuenta con especialistas que velan por la igualdad para la atención a varones. El Chat 100 es confidencial y se encuentra disponible las 24 horas.
•	Hogar de Refugio Temporal (HRT): Son espacios seguros y temporales que brindan protección, albergue, alimentación y atención integral (servicio de psicología, trabajo social, tópico-enfermería, educadora, acompañamiento permanente y talleres productivos) a mujeres víctimas de violencia de género, especialmente aquellas en situación de riesgo de feminicidio o peligre su integridad o salud física o mental, así como para sus hijas e hijos. Actualmente existen 23 HRT en 18 regiones del país."
¿CÓMO PUEDE INTERVENIR UN TERCERO EN CASOS DE VIOLENCIA INTRAFAMILIAR?;"Un tercero puede intervenir en casos de violencia intrafamiliar de las siguientes maneras:
•	Llamando a las autoridades (policía) si se presencia un acto de violencia.
•	Ofreciendo apoyo y recursos a la víctima.
•	Reportando la situación a servicios sociales o instituciones especializadas.
•	Acompañando a la víctima en el proceso de denuncia y búsqueda de ayuda."
¿QUÉ PAPEL JUEGAN LAS POLÍTICAS PÚBLICAS EN LA LUCHA CONTRA LA VIOLENCIA INTRAFAMILIAR?;"Las políticas públicas son cruciales en la lucha contra la violencia intrafamiliar y pueden incluir:
•	Legislación específica que proteja a las víctimas y penalice a los agresores.
•	Programas de prevención y educación sobre violencia de género.
•	Servicios integrales de apoyo a las víctimas, incluyendo refugios y asistencia legal.
•	Campañas de sensibilización para cambiar normas y comportamientos sociales."
¿QUÉ MEDIDAS PUEDEN TOMAR LAS EMPRESAS PARA APOYAR A EMPLEADOS QUE SON VÍCTIMAS DE VIOLENCIA INTRAFAMILIAR?;"Las empresas pueden apoyar a empleados víctimas de violencia intrafamiliar mediante:
•	Proporcionando políticas de licencia y tiempo libre remunerado para que las víctimas puedan asistir a citas médicas o legales.
•	Ofreciendo acceso a programas de asistencia para empleados (EAP).
•	Implementando capacitaciones y talleres sobre violencia de género y recursos disponibles.
•	Creando un ambiente de trabajo seguro y de apoyo donde los empleados se sientan cómodos buscando ayuda."
¿QUÉ ROL JUEGAN LAS REDES SOCIALES EN LA PREVENCIÓN Y DENUNCIA DE LA VIOLENCIA INTRAFAMILIAR?;"Las redes sociales pueden desempeñar un papel importante en la prevención y denuncia de la violencia intrafamiliar mediante:
•	Sensibilización y Educación: Las redes sociales juegan un papel fundamental en la sensibilización y educación del público sobre la violencia intrafamiliar. A través de campañas de concienciación, testimonios y la difusión de información, se puede aumentar la comprensión y el conocimiento sobre las señales de violencia, cómo buscar ayuda y los derechos de las víctimas. Las plataformas como Facebook, Twitter, e Instagram permiten llegar a una audiencia amplia y diversa, contribuyendo a cambiar actitudes y comportamientos hacia la violencia de género.
•	Plataforma de Denuncia y Apoyo: Las redes sociales proporcionan una plataforma accesible para que las víctimas puedan denunciar la violencia de manera más segura y anónima. Las víctimas pueden utilizar estas plataformas para buscar apoyo, compartir sus experiencias y conectar con organizaciones que ofrecen ayuda. Grupos y páginas dedicadas a la prevención de la violencia de género pueden proporcionar recursos, asesoramiento y un espacio seguro para que las víctimas hablen sobre sus experiencias.
•	Empoderamiento de las Víctimas: Al compartir historias de sobrevivientes y ejemplos de resiliencia, las redes sociales pueden empoderar a las víctimas de violencia intrafamiliar, haciéndolas sentir menos aisladas y más capaces de buscar ayuda. Ver que otras personas han superado situaciones similares puede inspirar y motivar a las víctimas a tomar medidas para salir de relaciones abusivas.
•	Movilización y Apoyo Comunitario: Las redes sociales son herramientas poderosas para la movilización y organización de campañas comunitarias contra la violencia intrafamiliar. A través de hashtags, peticiones en línea y eventos virtuales, las comunidades pueden unirse para abogar por cambios legales, políticas de protección y mayor apoyo a las víctimas. Esto fortalece el sentido de comunidad y solidaridad en la lucha contra la violencia de género.
•	Herramientas Tecnológicas Integradas: Las redes sociales pueden integrar herramientas tecnológicas que faciliten la denuncia y el seguimiento de casos de violencia intrafamiliar. Por ejemplo, Facebook ha implementado funciones para ayudar a las víctimas de violencia doméstica a conectarse con recursos y servicios de emergencia. Estas herramientas pueden proporcionar asistencia inmediata y guiar a las víctimas a través del proceso de denuncia.
•	Monitoreo y Análisis de Datos: Las plataformas de redes sociales también pueden ser utilizadas para monitorear y analizar datos relacionados con la violencia intrafamiliar. Al analizar tendencias y patrones en publicaciones y comentarios, las organizaciones pueden identificar áreas de alta incidencia de violencia y desarrollar intervenciones específicas. Esta información es valiosa para diseñar estrategias de prevención más efectivas y personalizadas."
¿QUÉ FACTORES INHIBEN A LAS MUJERES DE UTILIZAR ALTERNATIVAS TECNOLÓGICAS PARA DENUNCIAR LA VIOLENCIA DE GÉNERO?;Varios factores inhiben a las mujeres de utilizar alternativas tecnológicas para denunciar la violencia de género. En primer lugar, la falta de conocimiento y acceso a estas tecnologías es una barrera significativa, especialmente en áreas rurales y comunidades marginalizadas donde la infraestructura tecnológica es limitada. Además, existe una desconfianza generalizada en la efectividad de las tecnologías y en la capacidad de las autoridades para proporcionar una respuesta adecuada. Las mujeres también temen represalias de sus agresores si utilizan estas herramientas, lo que puede disuadirlas de buscar ayuda. Otro factor importante es la experiencia previa de revictimización por parte de las autoridades, lo que genera un sentimiento de desesperanza y desconfianza en el sistema. Para superar estas barreras, es crucial aumentar la sensibilización sobre el uso de tecnologías de prevención y mejorar la formación y respuesta de las instituciones encargadas de manejar casos de violencia de género.
¿CUÁLES SON LAS SEÑALES DE ALERTA QUE PUEDEN INDICAR QUE UNA PERSONA ESTÁ SUFRIENDO VIOLENCIA INTRAFAMILIAR?;Las señales de alerta incluyen cambios drásticos en el comportamiento o apariencia, aislamiento social, miedo o ansiedad excesiva, lesiones frecuentes o inexplicables, y excusas constantes para justificar el comportamiento del agresor.
¿QUÉ PAPEL JUEGAN LAS ESCUELAS Y LAS INSTITUCIONES EDUCATIVAS EN LA PREVENCIÓN DE LA VIOLENCIA INTRAFAMILIAR?;Las escuelas y las instituciones educativas pueden desempeñar un papel crucial al proporcionar educación sobre la igualdad de género, la resolución pacífica de conflictos, los derechos humanos y los recursos disponibles para víctimas de violencia intrafamiliar. También pueden ofrecer programas de apoyo y asesoramiento.
¿CÓMO PUEDE UN MIEMBRO DE LA FAMILIA INTERVENIR SI SOSPECHA QUE ALGUIEN ESTÁ SUFRIENDO VIOLENCIA INTRAFAMILIAR?;Intervenir de manera segura y discreta, ofreciendo apoyo y escuchando sin juzgar. Animar a la víctima a buscar ayuda profesional y proporcionarle información sobre recursos disponibles, como líneas de ayuda, refugios y servicios de asesoramiento.
¿QUÉ TIPO DE APOYO PSICOLÓGICO SE RECOMIENDA PARA LAS VÍCTIMAS DE VIOLENCIA INTRAFAMILIAR?;Se recomienda terapia individual, terapia de grupo, y en algunos casos, terapia familiar. La intervención debe ser proporcionada por profesionales capacitados en el manejo de trauma y violencia intrafamiliar.